"PSPath","PSParentPath","PSChildName","PSDrive","PSProvider","PSIsContainer","Mode","ModeWithoutHardLink","VersionInfo","BaseName","Target","LinkType","Length","DirectoryName","Directory","IsReadOnly","FullName","Extension","Name","Exists","CreationTime","CreationTimeUtc","LastAccessTime","LastAccessTimeUtc","LastWriteTime","LastWriteTimeUtc","LinkTarget","Attributes"
"Microsoft.PowerShell.Core\FileSystem::C:\Github-Repos\SYS-320-01-Automation-Scripting\Week12\class\Documents\Documents\Audits\Commercial_audit_checklist_tool.xlsx","Microsoft.PowerShell.Core\FileSystem::C:\Github-Repos\SYS-320-01-Automation-Scripting\Week12\class\Documents\Documents\Audits","Commercial_audit_checklist_tool.xlsx","C","Microsoft.PowerShell.Core\FileSystem","False","-a---","-a---","File:             C:\Github-Repos\SYS-320-01-Automation-Scripting\Week12\class\Documents\Documents\Audits\Commercial_audit_checklist_tool.xlsx
InternalName:     
OriginalFilename: 
FileVersion:      
FileDescription:  
Product:          
ProductVersion:   
Debug:            False
Patched:          False
PreRelease:       False
PrivateBuild:     False
SpecialBuild:     False
Language:         
","Commercial_audit_checklist_tool",,,"221129","C:\Github-Repos\SYS-320-01-Automation-Scripting\Week12\class\Documents\Documents\Audits","C:\Github-Repos\SYS-320-01-Automation-Scripting\Week12\class\Documents\Documents\Audits","False","C:\Github-Repos\SYS-320-01-Automation-Scripting\Week12\class\Documents\Documents\Audits\Commercial_audit_checklist_tool.xlsx",".xlsx","Commercial_audit_checklist_tool.xlsx","True","4/14/2022 1:11:50 PM","4/14/2022 5:11:50 PM","4/14/2022 1:55:13 PM","4/14/2022 5:55:13 PM","7/14/2016 8:54:46 AM","7/14/2016 12:54:46 PM",,"Archive"
"Microsoft.PowerShell.Core\FileSystem::C:\Github-Repos\SYS-320-01-Automation-Scripting\Week12\class\Documents\Documents\ChangeRequests\DoD_Master_Office_2010_Settings_v1.0.xlsx","Microsoft.PowerShell.Core\FileSystem::C:\Github-Repos\SYS-320-01-Automation-Scripting\Week12\class\Documents\Documents\ChangeRequests","DoD_Master_Office_2010_Settings_v1.0.xlsx","C","Microsoft.PowerShell.Core\FileSystem","False","-a---","-a---","File:             C:\Github-Repos\SYS-320-01-Automation-Scripting\Week12\class\Documents\Documents\ChangeRequests\DoD_Master_Office_2010_Settings_v1.0.xlsx
InternalName:     
OriginalFilename: 
FileVersion:      
FileDescription:  
Product:          
ProductVersion:   
Debug:            False
Patched:          False
PreRelease:       False
PrivateBuild:     False
SpecialBuild:     False
Language:         
","DoD_Master_Office_2010_Settings_v1.0",,,"319973","C:\Github-Repos\SYS-320-01-Automation-Scripting\Week12\class\Documents\Documents\ChangeRequests","C:\Github-Repos\SYS-320-01-Automation-Scripting\Week12\class\Documents\Documents\ChangeRequests","False","C:\Github-Repos\SYS-320-01-Automation-Scripting\Week12\class\Documents\Documents\ChangeRequests\DoD_Master_Office_2010_Settings_v1.0.xlsx",".xlsx","DoD_Master_Office_2010_Settings_v1.0.xlsx","True","4/14/2022 1:11:50 PM","4/14/2022 5:11:50 PM","4/14/2022 1:55:13 PM","4/14/2022 5:55:13 PM","7/14/2016 11:02:56 AM","7/14/2016 3:02:56 PM",,"Archive"
"Microsoft.PowerShell.Core\FileSystem::C:\Github-Repos\SYS-320-01-Automation-Scripting\Week12\class\Documents\Documents\ChangeRequests\Microsoft Office 2010 Service Pack 1 Changes.xlsx","Microsoft.PowerShell.Core\FileSystem::C:\Github-Repos\SYS-320-01-Automation-Scripting\Week12\class\Documents\Documents\ChangeRequests","Microsoft Office 2010 Service Pack 1 Changes.xlsx","C","Microsoft.PowerShell.Core\FileSystem","False","-a---","-a---","File:             C:\Github-Repos\SYS-320-01-Automation-Scripting\Week12\class\Documents\Documents\ChangeRequests\Microsoft Office 2010 Service Pack 1 Changes.xlsx
InternalName:     
OriginalFilename: 
FileVersion:      
FileDescription:  
Product:          
ProductVersion:   
Debug:            False
Patched:          False
PreRelease:       False
PrivateBuild:     False
SpecialBuild:     False
Language:         
","Microsoft Office 2010 Service Pack 1 Changes",,,"40225","C:\Github-Repos\SYS-320-01-Automation-Scripting\Week12\class\Documents\Documents\ChangeRequests","C:\Github-Repos\SYS-320-01-Automation-Scripting\Week12\class\Documents\Documents\ChangeRequests","False","C:\Github-Repos\SYS-320-01-Automation-Scripting\Week12\class\Documents\Documents\ChangeRequests\Microsoft Office 2010 Service Pack 1 Changes.xlsx",".xlsx","Microsoft Office 2010 Service Pack 1 Changes.xlsx","True","4/14/2022 1:11:50 PM","4/14/2022 5:11:50 PM","4/14/2022 1:55:13 PM","4/14/2022 5:55:13 PM","7/14/2016 11:02:28 AM","7/14/2016 3:02:28 PM",,"Archive"
"Microsoft.PowerShell.Core\FileSystem::C:\Github-Repos\SYS-320-01-Automation-Scripting\Week12\class\Documents\Documents\ChangeRequests\thoughtfarmer-intranet-content-migration-worksheet.xlsx","Microsoft.PowerShell.Core\FileSystem::C:\Github-Repos\SYS-320-01-Automation-Scripting\Week12\class\Documents\Documents\ChangeRequests","thoughtfarmer-intranet-content-migration-worksheet.xlsx","C","Microsoft.PowerShell.Core\FileSystem","False","-a---","-a---","File:             C:\Github-Repos\SYS-320-01-Automation-Scripting\Week12\class\Documents\Documents\ChangeRequests\thoughtfarmer-intranet-content-migration-worksheet.xlsx
InternalName:     
OriginalFilename: 
FileVersion:      
FileDescription:  
Product:          
ProductVersion:   
Debug:            False
Patched:          False
PreRelease:       False
PrivateBuild:     False
SpecialBuild:     False
Language:         
","thoughtfarmer-intranet-content-migration-worksheet",,,"30931","C:\Github-Repos\SYS-320-01-Automation-Scripting\Week12\class\Documents\Documents\ChangeRequests","C:\Github-Repos\SYS-320-01-Automation-Scripting\Week12\class\Documents\Documents\ChangeRequests","False","C:\Github-Repos\SYS-320-01-Automation-Scripting\Week12\class\Documents\Documents\ChangeRequests\thoughtfarmer-intranet-content-migration-worksheet.xlsx",".xlsx","thoughtfarmer-intranet-content-migration-worksheet.xlsx","True","4/14/2022 1:11:50 PM","4/14/2022 5:11:50 PM","4/14/2022 1:55:13 PM","4/14/2022 5:55:13 PM","7/14/2016 11:02:36 AM","7/14/2016 3:02:36 PM",,"Archive"
"Microsoft.PowerShell.Core\FileSystem::C:\Github-Repos\SYS-320-01-Automation-Scripting\Week12\class\Documents\Documents\CoverLetters\the-cover-letter.docx","Microsoft.PowerShell.Core\FileSystem::C:\Github-Repos\SYS-320-01-Automation-Scripting\Week12\class\Documents\Documents\CoverLetters","the-cover-letter.docx","C","Microsoft.PowerShell.Core\FileSystem","False","-a---","-a---","File:             C:\Github-Repos\SYS-320-01-Automation-Scripting\Week12\class\Documents\Documents\CoverLetters\the-cover-letter.docx
InternalName:     
OriginalFilename: 
FileVersion:      
FileDescription:  
Product:          
ProductVersion:   
Debug:            False
Patched:          False
PreRelease:       False
PrivateBuild:     False
SpecialBuild:     False
Language:         
","the-cover-letter",,,"22892","C:\Github-Repos\SYS-320-01-Automation-Scripting\Week12\class\Documents\Documents\CoverLetters","C:\Github-Repos\SYS-320-01-Automation-Scripting\Week12\class\Documents\Documents\CoverLetters","False","C:\Github-Repos\SYS-320-01-Automation-Scripting\Week12\class\Documents\Documents\CoverLetters\the-cover-letter.docx",".docx","the-cover-letter.docx","True","4/14/2022 1:11:50 PM","4/14/2022 5:11:50 PM","4/14/2022 1:55:13 PM","4/14/2022 5:55:13 PM","1/22/2017 9:22:40 PM","1/23/2017 2:22:40 AM",,"Archive"
"Microsoft.PowerShell.Core\FileSystem::C:\Github-Repos\SYS-320-01-Automation-Scripting\Week12\class\Documents\Documents\FinancialStatements\3yr-Project-Financial-Report-Template.xlsx","Microsoft.PowerShell.Core\FileSystem::C:\Github-Repos\SYS-320-01-Automation-Scripting\Week12\class\Documents\Documents\FinancialStatements","3yr-Project-Financial-Report-Template.xlsx","C","Microsoft.PowerShell.Core\FileSystem","False","-a---","-a---","File:             C:\Github-Repos\SYS-320-01-Automation-Scripting\Week12\class\Documents\Documents\FinancialStatements\3yr-Project-Financial-Report-Template.xlsx
InternalName:     
OriginalFilename: 
FileVersion:      
FileDescription:  
Product:          
ProductVersion:   
Debug:            False
Patched:          False
PreRelease:       False
PrivateBuild:     False
SpecialBuild:     False
Language:         
","3yr-Project-Financial-Report-Template",,,"145129","C:\Github-Repos\SYS-320-01-Automation-Scripting\Week12\class\Documents\Documents\FinancialStatements","C:\Github-Repos\SYS-320-01-Automation-Scripting\Week12\class\Documents\Documents\FinancialStatements","False","C:\Github-Repos\SYS-320-01-Automation-Scripting\Week12\class\Documents\Documents\FinancialStatements\3yr-Project-Financial-Report-Template.xlsx",".xlsx","3yr-Project-Financial-Report-Template.xlsx","True","4/14/2022 1:11:50 PM","4/14/2022 5:11:50 PM","4/14/2022 1:55:13 PM","4/14/2022 5:55:13 PM","1/22/2017 8:02:26 PM","1/23/2017 1:02:26 AM",,"Archive"
"Microsoft.PowerShell.Core\FileSystem::C:\Github-Repos\SYS-320-01-Automation-Scripting\Week12\class\Documents\Documents\FinancialStatements\82808-Annual Report Financial Overview Template and Graphs.xlsx","Microsoft.PowerShell.Core\FileSystem::C:\Github-Repos\SYS-320-01-Automation-Scripting\Week12\class\Documents\Documents\FinancialStatements","82808-Annual Report Financial Overview Template and Graphs.xlsx","C","Microsoft.PowerShell.Core\FileSystem","False","-a---","-a---","File:             C:\Github-Repos\SYS-320-01-Automation-Scripting\Week12\class\Documents\Documents\FinancialStatements\82808-Annual Report Financial Overview Template and Graphs.xlsx
InternalName:     
OriginalFilename: 
FileVersion:      
FileDescription:  
Product:          
ProductVersion:   
Debug:            False
Patched:          False
PreRelease:       False
PrivateBuild:     False
SpecialBuild:     False
Language:         
","82808-Annual Report Financial Overview Template and Graphs",,,"3079772","C:\Github-Repos\SYS-320-01-Automation-Scripting\Week12\class\Documents\Documents\FinancialStatements","C:\Github-Repos\SYS-320-01-Automation-Scripting\Week12\class\Documents\Documents\FinancialStatements","False","C:\Github-Repos\SYS-320-01-Automation-Scripting\Week12\class\Documents\Documents\FinancialStatements\82808-Annual Report Financial Overview Template and Graphs.xlsx",".xlsx","82808-Annual Report Financial Overview Template and Graphs.xlsx","True","4/14/2022 1:11:50 PM","4/14/2022 5:11:50 PM","4/14/2022 1:55:13 PM","4/14/2022 5:55:13 PM","1/22/2017 8:02:42 PM","1/23/2017 1:02:42 AM",,"Archive"
"Microsoft.PowerShell.Core\FileSystem::C:\Github-Repos\SYS-320-01-Automation-Scripting\Week12\class\Documents\Documents\FinancialStatements\FinancialStatementFY12Q2.xlsx","Microsoft.PowerShell.Core\FileSystem::C:\Github-Repos\SYS-320-01-Automation-Scripting\Week12\class\Documents\Documents\FinancialStatements","FinancialStatementFY12Q2.xlsx","C","Microsoft.PowerShell.Core\FileSystem","False","-a---","-a---","File:             C:\Github-Repos\SYS-320-01-Automation-Scripting\Week12\class\Documents\Documents\FinancialStatements\FinancialStatementFY12Q2.xlsx
InternalName:     
OriginalFilename: 
FileVersion:      
FileDescription:  
Product:          
ProductVersion:   
Debug:            False
Patched:          False
PreRelease:       False
PrivateBuild:     False
SpecialBuild:     False
Language:         
","FinancialStatementFY12Q2",,,"78249","C:\Github-Repos\SYS-320-01-Automation-Scripting\Week12\class\Documents\Documents\FinancialStatements","C:\Github-Repos\SYS-320-01-Automation-Scripting\Week12\class\Documents\Documents\FinancialStatements","False","C:\Github-Repos\SYS-320-01-Automation-Scripting\Week12\class\Documents\Documents\FinancialStatements\FinancialStatementFY12Q2.xlsx",".xlsx","FinancialStatementFY12Q2.xlsx","True","4/14/2022 1:11:50 PM","4/14/2022 5:11:50 PM","4/14/2022 1:55:13 PM","4/14/2022 5:55:13 PM","7/14/2016 11:02:22 AM","7/14/2016 3:02:22 PM",,"Archive"
"Microsoft.PowerShell.Core\FileSystem::C:\Github-Repos\SYS-320-01-Automation-Scripting\Week12\class\Documents\Documents\FinancialStatements\GPAF IMP 067 Annual Financial Report 300414.xlsx","Microsoft.PowerShell.Core\FileSystem::C:\Github-Repos\SYS-320-01-Automation-Scripting\Week12\class\Documents\Documents\FinancialStatements","GPAF IMP 067 Annual Financial Report 300414.xlsx","C","Microsoft.PowerShell.Core\FileSystem","False","-a---","-a---","File:             C:\Github-Repos\SYS-320-01-Automation-Scripting\Week12\class\Documents\Documents\FinancialStatements\GPAF IMP 067 Annual Financial Report 300414.xlsx
InternalName:     
OriginalFilename: 
FileVersion:      
FileDescription:  
Product:          
ProductVersion:   
Debug:            False
Patched:          False
PreRelease:       False
PrivateBuild:     False
SpecialBuild:     False
Language:         
","GPAF IMP 067 Annual Financial Report 300414",,,"184360","C:\Github-Repos\SYS-320-01-Automation-Scripting\Week12\class\Documents\Documents\FinancialStatements","C:\Github-Repos\SYS-320-01-Automation-Scripting\Week12\class\Documents\Documents\FinancialStatements","False","C:\Github-Repos\SYS-320-01-Automation-Scripting\Week12\class\Documents\Documents\FinancialStatements\GPAF IMP 067 Annual Financial Report 300414.xlsx",".xlsx","GPAF IMP 067 Annual Financial Report 300414.xlsx","True","4/14/2022 1:11:50 PM","4/14/2022 5:11:50 PM","4/14/2022 1:55:13 PM","4/14/2022 5:55:13 PM","1/22/2017 8:03:26 PM","1/23/2017 1:03:26 AM",,"Archive"
"Microsoft.PowerShell.Core\FileSystem::C:\Github-Repos\SYS-320-01-Automation-Scripting\Week12\class\Documents\Documents\FinancialStatements\SBR FY 2016 Annual Report Template 7-21-16 Final.xlsx","Microsoft.PowerShell.Core\FileSystem::C:\Github-Repos\SYS-320-01-Automation-Scripting\Week12\class\Documents\Documents\FinancialStatements","SBR FY 2016 Annual Report Template 7-21-16 Final.xlsx","C","Microsoft.PowerShell.Core\FileSystem","False","-a---","-a---","File:             C:\Github-Repos\SYS-320-01-Automation-Scripting\Week12\class\Documents\Documents\FinancialStatements\SBR FY 2016 Annual Report Template 7-21-16 Final.xlsx
InternalName:     
OriginalFilename: 
FileVersion:      
FileDescription:  
Product:          
ProductVersion:   
Debug:            False
Patched:          False
PreRelease:       False
PrivateBuild:     False
SpecialBuild:     False
Language:         
","SBR FY 2016 Annual Report Template 7-21-16 Final",,,"47716","C:\Github-Repos\SYS-320-01-Automation-Scripting\Week12\class\Documents\Documents\FinancialStatements","C:\Github-Repos\SYS-320-01-Automation-Scripting\Week12\class\Documents\Documents\FinancialStatements","False","C:\Github-Repos\SYS-320-01-Automation-Scripting\Week12\class\Documents\Documents\FinancialStatements\SBR FY 2016 Annual Report Template 7-21-16 Final.xlsx",".xlsx","SBR FY 2016 Annual Report Template 7-21-16 Final.xlsx","True","4/14/2022 1:11:50 PM","4/14/2022 5:11:50 PM","4/14/2022 1:55:13 PM","4/14/2022 5:55:13 PM","1/22/2017 8:02:24 PM","1/23/2017 1:02:24 AM",,"Archive"
"Microsoft.PowerShell.Core\FileSystem::C:\Github-Repos\SYS-320-01-Automation-Scripting\Week12\class\Documents\Documents\Sciences\2010AdoptedScienceStandards.pdf","Microsoft.PowerShell.Core\FileSystem::C:\Github-Repos\SYS-320-01-Automation-Scripting\Week12\class\Documents\Documents\Sciences","2010AdoptedScienceStandards.pdf","C","Microsoft.PowerShell.Core\FileSystem","False","-a---","-a---","File:             C:\Github-Repos\SYS-320-01-Automation-Scripting\Week12\class\Documents\Documents\Sciences\2010AdoptedScienceStandards.pdf
InternalName:     
OriginalFilename: 
FileVersion:      
FileDescription:  
Product:          
ProductVersion:   
Debug:            False
Patched:          False
PreRelease:       False
PrivateBuild:     False
SpecialBuild:     False
Language:         
","2010AdoptedScienceStandards",,,"528847","C:\Github-Repos\SYS-320-01-Automation-Scripting\Week12\class\Documents\Documents\Sciences","C:\Github-Repos\SYS-320-01-Automation-Scripting\Week12\class\Documents\Documents\Sciences","False","C:\Github-Repos\SYS-320-01-Automation-Scripting\Week12\class\Documents\Documents\Sciences\2010AdoptedScienceStandards.pdf",".pdf","2010AdoptedScienceStandards.pdf","True","4/14/2022 1:11:50 PM","4/14/2022 5:11:50 PM","4/14/2022 1:55:13 PM","4/14/2022 5:55:13 PM","7/14/2016 8:53:06 AM","7/14/2016 12:53:06 PM",,"Archive"
"Microsoft.PowerShell.Core\FileSystem::C:\Github-Repos\SYS-320-01-Automation-Scripting\Week12\class\Documents\Documents\Sciences\cle-other-science.pdf","Microsoft.PowerShell.Core\FileSystem::C:\Github-Repos\SYS-320-01-Automation-Scripting\Week12\class\Documents\Documents\Sciences","cle-other-science.pdf","C","Microsoft.PowerShell.Core\FileSystem","False","-a---","-a---","File:             C:\Github-Repos\SYS-320-01-Automation-Scripting\Week12\class\Documents\Documents\Sciences\cle-other-science.pdf
InternalName:     
OriginalFilename: 
FileVersion:      
FileDescription:  
Product:          
ProductVersion:   
Debug:            False
Patched:          False
PreRelease:       False
PrivateBuild:     False
SpecialBuild:     False
Language:         
","cle-other-science",,,"491735","C:\Github-Repos\SYS-320-01-Automation-Scripting\Week12\class\Documents\Documents\Sciences","C:\Github-Repos\SYS-320-01-Automation-Scripting\Week12\class\Documents\Documents\Sciences","False","C:\Github-Repos\SYS-320-01-Automation-Scripting\Week12\class\Documents\Documents\Sciences\cle-other-science.pdf",".pdf","cle-other-science.pdf","True","4/14/2022 1:11:50 PM","4/14/2022 5:11:50 PM","4/14/2022 1:55:13 PM","4/14/2022 5:55:13 PM","7/14/2016 8:52:46 AM","7/14/2016 12:52:46 PM",,"Archive"
"Microsoft.PowerShell.Core\FileSystem::C:\Github-Repos\SYS-320-01-Automation-Scripting\Week12\class\Documents\Documents\Sciences\K-12_Science_Performance_Expectations_v5_496901_7.pdf","Microsoft.PowerShell.Core\FileSystem::C:\Github-Repos\SYS-320-01-Automation-Scripting\Week12\class\Documents\Documents\Sciences","K-12_Science_Performance_Expectations_v5_496901_7.pdf","C","Microsoft.PowerShell.Core\FileSystem","False","-a---","-a---","File:             C:\Github-Repos\SYS-320-01-Automation-Scripting\Week12\class\Documents\Documents\Sciences\K-12_Science_Performance_Expectations_v5_496901_7.pdf
InternalName:     
OriginalFilename: 
FileVersion:      
FileDescription:  
Product:          
ProductVersion:   
Debug:            False
Patched:          False
PreRelease:       False
PrivateBuild:     False
SpecialBuild:     False
Language:         
","K-12_Science_Performance_Expectations_v5_496901_7",,,"1017137","C:\Github-Repos\SYS-320-01-Automation-Scripting\Week12\class\Documents\Documents\Sciences","C:\Github-Repos\SYS-320-01-Automation-Scripting\Week12\class\Documents\Documents\Sciences","False","C:\Github-Repos\SYS-320-01-Automation-Scripting\Week12\class\Documents\Documents\Sciences\K-12_Science_Performance_Expectations_v5_496901_7.pdf",".pdf","K-12_Science_Performance_Expectations_v5_496901_7.pdf","True","4/14/2022 1:11:50 PM","4/14/2022 5:11:50 PM","4/14/2022 1:55:13 PM","4/14/2022 5:55:13 PM","7/14/2016 8:52:54 AM","7/14/2016 12:52:54 PM",,"Archive"
"Microsoft.PowerShell.Core\FileSystem::C:\Github-Repos\SYS-320-01-Automation-Scripting\Week12\class\Documents\Documents\Sciences\nssmic15.docx","Microsoft.PowerShell.Core\FileSystem::C:\Github-Repos\SYS-320-01-Automation-Scripting\Week12\class\Documents\Documents\Sciences","nssmic15.docx","C","Microsoft.PowerShell.Core\FileSystem","False","-a---","-a---","File:             C:\Github-Repos\SYS-320-01-Automation-Scripting\Week12\class\Documents\Documents\Sciences\nssmic15.docx
InternalName:     
OriginalFilename: 
FileVersion:      
FileDescription:  
Product:          
ProductVersion:   
Debug:            False
Patched:          False
PreRelease:       False
PrivateBuild:     False
SpecialBuild:     False
Language:         
","nssmic15",,,"71009","C:\Github-Repos\SYS-320-01-Automation-Scripting\Week12\class\Documents\Documents\Sciences","C:\Github-Repos\SYS-320-01-Automation-Scripting\Week12\class\Documents\Documents\Sciences","False","C:\Github-Repos\SYS-320-01-Automation-Scripting\Week12\class\Documents\Documents\Sciences\nssmic15.docx",".docx","nssmic15.docx","True","4/14/2022 1:11:50 PM","4/14/2022 5:11:50 PM","4/14/2022 1:55:13 PM","4/14/2022 5:55:13 PM","7/14/2016 11:02:04 AM","7/14/2016 3:02:04 PM",,"Archive"
"Microsoft.PowerShell.Core\FileSystem::C:\Github-Repos\SYS-320-01-Automation-Scripting\Week12\class\Documents\Documents\Sciences\South_Carolina_Academic_Standards_and_Performance_Indicators_for_Science_2014.pdf","Microsoft.PowerShell.Core\FileSystem::C:\Github-Repos\SYS-320-01-Automation-Scripting\Week12\class\Documents\Documents\Sciences","South_Carolina_Academic_Standards_and_Performance_Indicators_for_Science_2014.pdf","C","Microsoft.PowerShell.Core\FileSystem","False","-a---","-a---","File:             C:\Github-Repos\SYS-320-01-Automation-Scripting\Week12\class\Documents\Documents\Sciences\South_Carolina_Academic_Standards_and_Performance_Indicators_for_Science_2014.pdf
InternalName:     
OriginalFilename: 
FileVersion:      
FileDescription:  
Product:          
ProductVersion:   
Debug:            False
Patched:          False
PreRelease:       False
PrivateBuild:     False
SpecialBuild:     False
Language:         
","South_Carolina_Academic_Standards_and_Performance_Indicators_for_Science_2014",,,"1167470","C:\Github-Repos\SYS-320-01-Automation-Scripting\Week12\class\Documents\Documents\Sciences","C:\Github-Repos\SYS-320-01-Automation-Scripting\Week12\class\Documents\Documents\Sciences","False","C:\Github-Repos\SYS-320-01-Automation-Scripting\Week12\class\Documents\Documents\Sciences\South_Carolina_Academic_Standards_and_Performance_Indicators_for_Science_2014.pdf",".pdf","South_Carolina_Academic_Standards_and_Performance_Indicators_for_Science_2014.pdf","True","4/14/2022 1:11:50 PM","4/14/2022 5:11:50 PM","4/14/2022 1:55:13 PM","4/14/2022 5:55:13 PM","7/14/2016 9:46:12 AM","7/14/2016 1:46:12 PM",,"Archive"
"Microsoft.PowerShell.Core\FileSystem::C:\Github-Repos\SYS-320-01-Automation-Scripting\Week12\class\Documents\Documents\Sciences\stds_scienceKinder.pdf","Microsoft.PowerShell.Core\FileSystem::C:\Github-Repos\SYS-320-01-Automation-Scripting\Week12\class\Documents\Documents\Sciences","stds_scienceKinder.pdf","C","Microsoft.PowerShell.Core\FileSystem","False","-a---","-a---","File:             C:\Github-Repos\SYS-320-01-Automation-Scripting\Week12\class\Documents\Documents\Sciences\stds_scienceKinder.pdf
InternalName:     
OriginalFilename: 
FileVersion:      
FileDescription:  
Product:          
ProductVersion:   
Debug:            False
Patched:          False
PreRelease:       False
PrivateBuild:     False
SpecialBuild:     False
Language:         
","stds_scienceKinder",,,"61430","C:\Github-Repos\SYS-320-01-Automation-Scripting\Week12\class\Documents\Documents\Sciences","C:\Github-Repos\SYS-320-01-Automation-Scripting\Week12\class\Documents\Documents\Sciences","False","C:\Github-Repos\SYS-320-01-Automation-Scripting\Week12\class\Documents\Documents\Sciences\stds_scienceKinder.pdf",".pdf","stds_scienceKinder.pdf","True","4/14/2022 1:11:50 PM","4/14/2022 5:11:50 PM","4/14/2022 1:55:13 PM","4/14/2022 5:55:13 PM","7/14/2016 8:49:38 AM","7/14/2016 12:49:38 PM",,"Archive"
"Microsoft.PowerShell.Core\FileSystem::C:\Github-Repos\SYS-320-01-Automation-Scripting\Week12\class\Documents\Documents\Templates\APA-Citation-Work-Cited1.docx","Microsoft.PowerShell.Core\FileSystem::C:\Github-Repos\SYS-320-01-Automation-Scripting\Week12\class\Documents\Documents\Templates","APA-Citation-Work-Cited1.docx","C","Microsoft.PowerShell.Core\FileSystem","False","-a---","-a---","File:             C:\Github-Repos\SYS-320-01-Automation-Scripting\Week12\class\Documents\Documents\Templates\APA-Citation-Work-Cited1.docx
InternalName:     
OriginalFilename: 
FileVersion:      
FileDescription:  
Product:          
ProductVersion:   
Debug:            False
Patched:          False
PreRelease:       False
PrivateBuild:     False
SpecialBuild:     False
Language:         
","APA-Citation-Work-Cited1",,,"49920","C:\Github-Repos\SYS-320-01-Automation-Scripting\Week12\class\Documents\Documents\Templates","C:\Github-Repos\SYS-320-01-Automation-Scripting\Week12\class\Documents\Documents\Templates","False","C:\Github-Repos\SYS-320-01-Automation-Scripting\Week12\class\Documents\Documents\Templates\APA-Citation-Work-Cited1.docx",".docx","APA-Citation-Work-Cited1.docx","True","4/14/2022 1:11:50 PM","4/14/2022 5:11:50 PM","4/14/2022 1:55:13 PM","4/14/2022 5:55:13 PM","7/14/2016 11:01:46 AM","7/14/2016 3:01:46 PM",,"Archive"
"Microsoft.PowerShell.Core\FileSystem::C:\Github-Repos\SYS-320-01-Automation-Scripting\Week12\class\Documents\Documents\Templates\Index_Table_Contents.xlsx","Microsoft.PowerShell.Core\FileSystem::C:\Github-Repos\SYS-320-01-Automation-Scripting\Week12\class\Documents\Documents\Templates","Index_Table_Contents.xlsx","C","Microsoft.PowerShell.Core\FileSystem","False","-a---","-a---","File:             C:\Github-Repos\SYS-320-01-Automation-Scripting\Week12\class\Documents\Documents\Templates\Index_Table_Contents.xlsx
InternalName:     
OriginalFilename: 
FileVersion:      
FileDescription:  
Product:          
ProductVersion:   
Debug:            False
Patched:          False
PreRelease:       False
PrivateBuild:     False
SpecialBuild:     False
Language:         
","Index_Table_Contents",,,"60765","C:\Github-Repos\SYS-320-01-Automation-Scripting\Week12\class\Documents\Documents\Templates","C:\Github-Repos\SYS-320-01-Automation-Scripting\Week12\class\Documents\Documents\Templates","False","C:\Github-Repos\SYS-320-01-Automation-Scripting\Week12\class\Documents\Documents\Templates\Index_Table_Contents.xlsx",".xlsx","Index_Table_Contents.xlsx","True","4/14/2022 1:11:50 PM","4/14/2022 5:11:50 PM","4/14/2022 1:55:13 PM","4/14/2022 5:55:13 PM","7/14/2016 9:47:06 AM","7/14/2016 1:47:06 PM",,"Archive"
"Microsoft.PowerShell.Core\FileSystem::C:\Github-Repos\SYS-320-01-Automation-Scripting\Week12\class\Documents\Documents\Templates\Microsoft-Word-Trifold-Brochure-Template.docx","Microsoft.PowerShell.Core\FileSystem::C:\Github-Repos\SYS-320-01-Automation-Scripting\Week12\class\Documents\Documents\Templates","Microsoft-Word-Trifold-Brochure-Template.docx","C","Microsoft.PowerShell.Core\FileSystem","False","-a---","-a---","File:             C:\Github-Repos\SYS-320-01-Automation-Scripting\Week12\class\Documents\Documents\Templates\Microsoft-Word-Trifold-Brochure-Template.docx
InternalName:     
OriginalFilename: 
FileVersion:      
FileDescription:  
Product:          
ProductVersion:   
Debug:            False
Patched:          False
PreRelease:       False
PrivateBuild:     False
SpecialBuild:     False
Language:         
","Microsoft-Word-Trifold-Brochure-Template",,,"79583","C:\Github-Repos\SYS-320-01-Automation-Scripting\Week12\class\Documents\Documents\Templates","C:\Github-Repos\SYS-320-01-Automation-Scripting\Week12\class\Documents\Documents\Templates","False","C:\Github-Repos\SYS-320-01-Automation-Scripting\Week12\class\Documents\Documents\Templates\Microsoft-Word-Trifold-Brochure-Template.docx",".docx","Microsoft-Word-Trifold-Brochure-Template.docx","True","4/14/2022 1:11:50 PM","4/14/2022 5:11:50 PM","4/14/2022 1:55:13 PM","4/14/2022 5:55:13 PM","7/14/2016 11:01:48 AM","7/14/2016 3:01:48 PM",,"Archive"
"Microsoft.PowerShell.Core\FileSystem::C:\Github-Repos\SYS-320-01-Automation-Scripting\Week12\class\Documents\Documents\Templates\NYCProject-RACI_v2.xlsx","Microsoft.PowerShell.Core\FileSystem::C:\Github-Repos\SYS-320-01-Automation-Scripting\Week12\class\Documents\Documents\Templates","NYCProject-RACI_v2.xlsx","C","Microsoft.PowerShell.Core\FileSystem","False","-a---","-a---","File:             C:\Github-Repos\SYS-320-01-Automation-Scripting\Week12\class\Documents\Documents\Templates\NYCProject-RACI_v2.xlsx
InternalName:     
OriginalFilename: 
FileVersion:      
FileDescription:  
Product:          
ProductVersion:   
Debug:            False
Patched:          False
PreRelease:       False
PrivateBuild:     False
SpecialBuild:     False
Language:         
","NYCProject-RACI_v2",,,"37554","C:\Github-Repos\SYS-320-01-Automation-Scripting\Week12\class\Documents\Documents\Templates","C:\Github-Repos\SYS-320-01-Automation-Scripting\Week12\class\Documents\Documents\Templates","False","C:\Github-Repos\SYS-320-01-Automation-Scripting\Week12\class\Documents\Documents\Templates\NYCProject-RACI_v2.xlsx",".xlsx","NYCProject-RACI_v2.xlsx","True","4/14/2022 1:11:50 PM","4/14/2022 5:11:50 PM","4/14/2022 1:55:13 PM","4/14/2022 5:55:13 PM","7/14/2016 11:02:42 AM","7/14/2016 3:02:42 PM",,"Archive"
"Microsoft.PowerShell.Core\FileSystem::C:\Github-Repos\SYS-320-01-Automation-Scripting\Week12\class\Documents\Documents\Templates\rgo_template.docx","Microsoft.PowerShell.Core\FileSystem::C:\Github-Repos\SYS-320-01-Automation-Scripting\Week12\class\Documents\Documents\Templates","rgo_template.docx","C","Microsoft.PowerShell.Core\FileSystem","False","-a---","-a---","File:             C:\Github-Repos\SYS-320-01-Automation-Scripting\Week12\class\Documents\Documents\Templates\rgo_template.docx
InternalName:     
OriginalFilename: 
FileVersion:      
FileDescription:  
Product:          
ProductVersion:   
Debug:            False
Patched:          False
PreRelease:       False
PrivateBuild:     False
SpecialBuild:     False
Language:         
","rgo_template",,,"8362477","C:\Github-Repos\SYS-320-01-Automation-Scripting\Week12\class\Documents\Documents\Templates","C:\Github-Repos\SYS-320-01-Automation-Scripting\Week12\class\Documents\Documents\Templates","False","C:\Github-Repos\SYS-320-01-Automation-Scripting\Week12\class\Documents\Documents\Templates\rgo_template.docx",".docx","rgo_template.docx","True","4/14/2022 1:11:50 PM","4/14/2022 5:11:50 PM","4/14/2022 1:55:13 PM","4/14/2022 5:55:13 PM","7/14/2016 11:01:40 AM","7/14/2016 3:01:40 PM",,"Archive"
"Microsoft.PowerShell.Core\FileSystem::C:\Github-Repos\SYS-320-01-Automation-Scripting\Week12\class\Documents\Documents\Templates\Template File_MLA Template.docx","Microsoft.PowerShell.Core\FileSystem::C:\Github-Repos\SYS-320-01-Automation-Scripting\Week12\class\Documents\Documents\Templates","Template File_MLA Template.docx","C","Microsoft.PowerShell.Core\FileSystem","False","-a---","-a---","File:             C:\Github-Repos\SYS-320-01-Automation-Scripting\Week12\class\Documents\Documents\Templates\Template File_MLA Template.docx
InternalName:     
OriginalFilename: 
FileVersion:      
FileDescription:  
Product:          
ProductVersion:   
Debug:            False
Patched:          False
PreRelease:       False
PrivateBuild:     False
SpecialBuild:     False
Language:         
","Template File_MLA Template",,,"20574","C:\Github-Repos\SYS-320-01-Automation-Scripting\Week12\class\Documents\Documents\Templates","C:\Github-Repos\SYS-320-01-Automation-Scripting\Week12\class\Documents\Documents\Templates","False","C:\Github-Repos\SYS-320-01-Automation-Scripting\Week12\class\Documents\Documents\Templates\Template File_MLA Template.docx",".docx","Template File_MLA Template.docx","True","4/14/2022 1:11:50 PM","4/14/2022 5:11:50 PM","4/14/2022 1:55:13 PM","4/14/2022 5:55:13 PM","7/14/2016 11:01:00 AM","7/14/2016 3:01:00 PM",,"Archive"
"Microsoft.PowerShell.Core\FileSystem::C:\Github-Repos\SYS-320-01-Automation-Scripting\Week12\class\Documents\Documents\Templates\template-instructions1.docx","Microsoft.PowerShell.Core\FileSystem::C:\Github-Repos\SYS-320-01-Automation-Scripting\Week12\class\Documents\Documents\Templates","template-instructions1.docx","C","Microsoft.PowerShell.Core\FileSystem","False","-a---","-a---","File:             C:\Github-Repos\SYS-320-01-Automation-Scripting\Week12\class\Documents\Documents\Templates\template-instructions1.docx
InternalName:     
OriginalFilename: 
FileVersion:      
FileDescription:  
Product:          
ProductVersion:   
Debug:            False
Patched:          False
PreRelease:       False
PrivateBuild:     False
SpecialBuild:     False
Language:         
","template-instructions1",,,"1278477","C:\Github-Repos\SYS-320-01-Automation-Scripting\Week12\class\Documents\Documents\Templates","C:\Github-Repos\SYS-320-01-Automation-Scripting\Week12\class\Documents\Documents\Templates","False","C:\Github-Repos\SYS-320-01-Automation-Scripting\Week12\class\Documents\Documents\Templates\template-instructions1.docx",".docx","template-instructions1.docx","True","4/14/2022 1:11:50 PM","4/14/2022 5:11:50 PM","4/14/2022 1:55:13 PM","4/14/2022 5:55:13 PM","7/14/2016 11:01:26 AM","7/14/2016 3:01:26 PM",,"Archive"
"Microsoft.PowerShell.Core\FileSystem::C:\Github-Repos\SYS-320-01-Automation-Scripting\Week12\class\Documents\Documents\Templates\trans_jour.docx","Microsoft.PowerShell.Core\FileSystem::C:\Github-Repos\SYS-320-01-Automation-Scripting\Week12\class\Documents\Documents\Templates","trans_jour.docx","C","Microsoft.PowerShell.Core\FileSystem","False","-a---","-a---","File:             C:\Github-Repos\SYS-320-01-Automation-Scripting\Week12\class\Documents\Documents\Templates\trans_jour.docx
InternalName:     
OriginalFilename: 
FileVersion:      
FileDescription:  
Product:          
ProductVersion:   
Debug:            False
Patched:          False
PreRelease:       False
PrivateBuild:     False
SpecialBuild:     False
Language:         
","trans_jour",,,"519344","C:\Github-Repos\SYS-320-01-Automation-Scripting\Week12\class\Documents\Documents\Templates","C:\Github-Repos\SYS-320-01-Automation-Scripting\Week12\class\Documents\Documents\Templates","False","C:\Github-Repos\SYS-320-01-Automation-Scripting\Week12\class\Documents\Documents\Templates\trans_jour.docx",".docx","trans_jour.docx","True","4/14/2022 1:11:50 PM","4/14/2022 5:11:50 PM","4/14/2022 1:55:13 PM","4/14/2022 5:55:13 PM","7/14/2016 11:01:22 AM","7/14/2016 3:01:22 PM",,"Archive"
"Microsoft.PowerShell.Core\FileSystem::C:\Github-Repos\SYS-320-01-Automation-Scripting\Week12\class\Documents\Documents\Templates\Video.docx","Microsoft.PowerShell.Core\FileSystem::C:\Github-Repos\SYS-320-01-Automation-Scripting\Week12\class\Documents\Documents\Templates","Video.docx","C","Microsoft.PowerShell.Core\FileSystem","False","-a---","-a---","File:             C:\Github-Repos\SYS-320-01-Automation-Scripting\Week12\class\Documents\Documents\Templates\Video.docx
InternalName:     
OriginalFilename: 
FileVersion:      
FileDescription:  
Product:          
ProductVersion:   
Debug:            False
Patched:          False
PreRelease:       False
PrivateBuild:     False
SpecialBuild:     False
Language:         
","Video",,,"11491","C:\Github-Repos\SYS-320-01-Automation-Scripting\Week12\class\Documents\Documents\Templates","C:\Github-Repos\SYS-320-01-Automation-Scripting\Week12\class\Documents\Documents\Templates","False","C:\Github-Repos\SYS-320-01-Automation-Scripting\Week12\class\Documents\Documents\Templates\Video.docx",".docx","Video.docx","True","4/14/2022 1:11:50 PM","4/14/2022 5:11:50 PM","4/14/2022 1:55:13 PM","4/14/2022 5:55:13 PM","7/14/2016 10:12:22 AM","7/14/2016 2:12:22 PM",,"Archive"
"Microsoft.PowerShell.Core\FileSystem::C:\Github-Repos\SYS-320-01-Automation-Scripting\Week12\class\Documents\Documents\Templates\Windows 10 ADMX spreadsheet.xlsx","Microsoft.PowerShell.Core\FileSystem::C:\Github-Repos\SYS-320-01-Automation-Scripting\Week12\class\Documents\Documents\Templates","Windows 10 ADMX spreadsheet.xlsx","C","Microsoft.PowerShell.Core\FileSystem","False","-a---","-a---","File:             C:\Github-Repos\SYS-320-01-Automation-Scripting\Week12\class\Documents\Documents\Templates\Windows 10 ADMX spreadsheet.xlsx
InternalName:     
OriginalFilename: 
FileVersion:      
FileDescription:  
Product:          
ProductVersion:   
Debug:            False
Patched:          False
PreRelease:       False
PrivateBuild:     False
SpecialBuild:     False
Language:         
","Windows 10 ADMX spreadsheet",,,"659768","C:\Github-Repos\SYS-320-01-Automation-Scripting\Week12\class\Documents\Documents\Templates","C:\Github-Repos\SYS-320-01-Automation-Scripting\Week12\class\Documents\Documents\Templates","False","C:\Github-Repos\SYS-320-01-Automation-Scripting\Week12\class\Documents\Documents\Templates\Windows 10 ADMX spreadsheet.xlsx",".xlsx","Windows 10 ADMX spreadsheet.xlsx","True","4/14/2022 1:11:50 PM","4/14/2022 5:11:50 PM","4/14/2022 1:55:13 PM","4/14/2022 5:55:13 PM","7/14/2016 8:54:58 AM","7/14/2016 12:54:58 PM",,"Archive"
